{
  "profile": "10m",
  "provenance": {
    "box": "mac-m",
    "commit": "",
    "corpus": "corpus/profiles/scale-10m.jsonl",
    "goos": "darwin",
    "goarch": "arm64",
    "num_cpu": 10
  },
  "started_at": "2026-06-30T15:53:27Z",
  "stages": [
    {
      "stage": "ingest",
      "urls": 8639222,
      "wall_seconds": 76.481648083,
      "cpu": {
        "user_seconds": 39.310199,
        "sys_seconds": 29.464109
      },
      "mem": {
        "peak_rss_bytes": 6136512512,
        "peak_heap_inuse_bytes": 5675950080,
        "held_heap_inuse_bytes": 2069127168,
        "total_alloc_bytes": 15283024968,
        "mallocs": 121999706,
        "num_gc": 36,
        "gc_pause_total_ns": 18376540,
        "gc_cpu_fraction": 0.005354821851735963
      },
      "disk": {
        "bytes_written": 2439003693,
        "bytes_read": 0,
        "output_bytes": 2439003693,
        "fsync_count": 0,
        "fsync_p50_ms": 0,
        "fsync_p99_ms": 0
      },
      "urls_per_second": 112958.10454587064,
      "urls_per_cpu_second": 219770.4977275745,
      "alloc_bytes_per_url": 1769.0279249682437,
      "notes": "unbounded: 8618924 resident of 8639222 urls, held heap 240.1 B/url, log 282.3 B/url, checkpoint total 94.8 B/url"
    }
  ],
  "pprof_dir": "/tmp/sa-10m/pprof"
}
